이름,학번,상태,점수
 efwer,qewrwf,제출 완료,0,
qwef,qwef,연결 오류,0,
rege,wef1,제출 완료,0,
reg,34t,제출 완료,0,
werac,2332,연결 오류,0,
wb65,wb46,제출 완료,7,
waf,wga,제출 완료,2,
wa fe,awfe,제출 완료,3,
abf,ave,제출 완료,1,
vrwt,atw4v,제출 완료,1,
sbt4,stbe4,제출 완료,2,
syt ,sty,제출 완료,0,
abt4,abt4,제출 완료,1,
s6nu,r6t,연결 오류,0,
c,3r2c,연결 오류,0,
wb,w5yn,연결 오류,0,
5q,532,연결 오류,0,
5ux,bu5,제출 완료,0,
se gr,srg,제출 완료,0,
 hst,thdg,제출 완료,0,
zbyzr,bzrzbydr,연결 오류,0,
dfa,weG,제출 완료,0,
b,WB,제출 완료,0,
afew,efaw,제출 완료,0,
arb,adfawf,연결 오류,0,
ymu,etm,제출 완료,0,
sfab,sfb,연결 오류,0,
김이름,1234567890,연결 오류,0,
